emp_id,first_name,last_name,department_id,hire_date,leaving_date,salary,salary_date,position,email,contact_no,age,gender,address
1,Rohit,Yadav,8,2016-01-01,2019-01-01,102505.0,2025-01-01,Executive,user0@gmail.com,8080808080,38,Female,Chennai
2,Tina,Kaur,9,2016-01-31,2019-02-15,27869.0,2025-01-16,Manager,user1@gmail.com,9819000001,52,Male,Chennai
3,Usha,Chopra,4,2016-03-01,2019-04-01,86135.0,2025-01-31,Manager,user2@gmail.com,,44,Female,Bangalore
4,Deepak,Kumar,1,2016-03-31,2019-05-16,75108.0,2025-02-15,Manager,user3@gmail.com,,43,Female,Delhi
5,Sonal,Ahuja,1,2016-04-30,2019-06-30,137296.0,2025-03-02,Analyst,user4@gmail.com,9819000001,52,Female,Delhi
6,Rohit,Yadav,10,2016-05-30,2019-08-14,119179.0,2025-03-17,Analyst,user5@gmail.com,,32,Female,
7,Namrata,Sharma,4,2016-06-29,2019-09-28,115272.0,2025-04-01,Analyst,user6@gmail.com,,33,Male,
8,Deepak,Yadav,7,2016-07-29,2019-11-12,63467.0,2025-04-16,Executive,user7@gmail.com,,43,Male,
9,Deepak,Patel,2,2016-08-28,2019-12-27,48328.0,2025-05-01,Assistant,user8@gmail.com,7012345678,45,Other,
10,Neha,Dubey,3,2016-09-27,2020-02-10,144181.0,2025-05-16,Clerk,user9@gmail.com,9004000400,55,Female,Hyderabad
11,Sonal,Bansal,1,2016-10-27,2020-03-26,116412.0,2025-05-31,Intern,user10@gmail.com,8080808080,50,Other,Hyderabad
12,Rahul,Yadav,5,2016-11-26,2020-05-10,111831.0,2025-06-15,Manager,user11@gmail.com,7012345678,37,Male,Chennai
13,Priya,Sharma,1,2016-12-26,2020-06-24,28987.0,2025-06-30,Clerk,user12@gmail.com,,40,Male,Mumbai
14,Sandeep,Patel,8,2017-01-25,2020-08-08,83871.0,2025-07-15,Manager,user13@gmail.com,9819000001,45,Male,Bangalore
15,Ankita,Kapoor,1,2017-02-24,2020-09-22,47399.0,2025-07-30,Executive,user14@gmail.com,,42,Male,Bangalore
16,Priya,Singh,1,2017-03-26,2020-11-06,71214.0,2025-08-14,Manager,user15@gmail.com,9004000400,33,Male,
17,Amit,Dubey,2,2017-04-25,2020-12-21,124522.0,2025-08-29,Analyst,user16@gmail.com,,39,Male,Chennai
18,Sandeep,Bansal,2,2017-05-25,2021-02-04,111416.0,2025-09-13,Intern,user17@gmail.com,9819000001,32,Male,Kolkata
19,Sandeep,Singh,6,2017-06-24,2021-03-21,95271.0,2025-09-28,Lead,user18@gmail.com,9004000400,39,Female,Mumbai
20,Simran,Ahuja,7,2017-07-24,2021-05-05,69064.0,2025-10-13,Manager,user19@gmail.com,,32,Other,Chennai
21,Pooja,Rana,5,2017-08-23,2021-06-19,95091.0,2025-10-28,Clerk,user20@gmail.com,9004000400,29,Male,Mumbai
22,Alok,Dubey,1,2017-09-22,2021-08-03,132450.0,2025-11-12,Analyst,user21@gmail.com,8080808080,27,Female,Mumbai
23,Usha,Dubey,1,2017-10-22,2021-09-17,65818.0,2025-11-27,Lead,user22@gmail.com,8080808080,48,Female,Mumbai
24,Usha,Kapoor,3,2017-11-21,2021-11-01,70525.0,2025-12-12,Intern,user23@gmail.com,,34,Other,Chennai
25,Namrata,Kapoor,2,2017-12-21,2021-12-16,44830.0,2025-12-27,Lead,user24@gmail.com,9004000400,51,Male,
26,Sandeep,Kaur,5,2018-01-20,2022-01-30,42429.0,2026-01-11,Analyst,user25@gmail.com,9819000001,39,Other,Bangalore
27,Tina,Mehra,10,2018-02-19,2022-03-16,31893.0,2026-01-26,Assistant,user26@gmail.com,,36,Male,Bangalore
28,Rahul,Yadav,6,2018-03-21,2022-04-30,141381.0,2026-02-10,Assistant,,8080808080,25,Female,
29,Vikas,Dubey,7,2018-04-20,2022-06-14,,2026-02-25,Lead,user28@gmail.com,8080808080,55,Female,Mumbai
30,Namrata,Agarwal,4,2018-05-20,2022-07-29,72333.0,2026-03-12,Executive,user29@gmail.com,,32,Female,Kolkata
31,Rohit,Singh,7,2018-06-19,2022-09-12,28436.0,2026-03-27,Clerk,user30@gmail.com,9004000400,45,Female,Delhi
32,Nitin,Sharma,8,2018-07-19,2022-10-27,99290.0,2026-04-11,Clerk,user31@gmail.com,8080808080,41,Other,Chennai
33,Rohit,Gupta,1,2018-08-18,2022-12-11,101213.0,2026-04-26,Lead,user32@gmail.com,9004000400,43,Male,Delhi
34,Ajay,Mehra,6,2018-09-17,2023-01-25,30895.0,2026-05-11,Manager,user33@gmail.com,8080808080,36,Male,
35,Neha,Agarwal,8,2018-10-17,2023-03-11,,2026-05-26,Manager,user34@gmail.com,8080808080,34,Other,Kolkata
36,Anil,Gupta,5,2018-11-16,2023-04-25,55746.0,2026-06-10,Clerk,user35@gmail.com,7012345678,51,Male,Chennai
37,Ajay,Bansal,4,2018-12-16,2023-06-09,74377.0,2026-06-25,Clerk,user36@gmail.com,8080808080,25,Female,
38,Nitin,Patel,2,2019-01-15,2023-07-24,73404.0,2026-07-10,Assistant,user37@gmail.com,9819000001,55,Male,Mumbai
39,Priya,Singh,6,2019-02-14,2023-09-07,79045.0,2026-07-25,Executive,,,43,Female,Bangalore
40,Tina,Singh,6,2019-03-16,2023-10-22,122888.0,2026-08-09,Analyst,user39@gmail.com,,49,Other,Delhi
41,Usha,Mehra,1,2019-04-15,2023-12-06,64790.0,2026-08-24,Manager,user40@gmail.com,9004000400,31,Male,Hyderabad
42,Rohit,Dubey,9,2019-05-15,2024-01-20,132455.0,2026-09-08,Clerk,user41@gmail.com,8080808080,38,Other,Hyderabad
43,Sandeep,Ahuja,6,2019-06-14,2024-03-05,30600.0,2026-09-23,Assistant,user42@gmail.com,9819000001,32,Male,Kolkata
44,Sonal,Mehra,3,2019-07-14,2024-04-19,119660.0,2026-10-08,Intern,user43@gmail.com,9004000400,29,Female,Mumbai
45,Usha,Gupta,4,2019-08-13,2024-06-03,118179.0,2026-10-23,Assistant,user44@gmail.com,7012345678,30,Other,Delhi
46,Rahul,Mehra,4,2019-09-12,2024-07-18,65764.0,2026-11-07,Manager,user45@gmail.com,9004000400,37,Male,Mumbai
47,Anil,Agarwal,3,2019-10-12,2024-09-01,99543.0,2026-11-22,Manager,user46@gmail.com,9004000400,27,Female,Delhi
48,Simran,Singh,10,2019-11-11,2024-10-16,70714.0,2026-12-07,Assistant,user47@gmail.com,8080808080,33,Other,Kolkata
49,Neha,Ahuja,3,2019-12-11,2024-11-30,81835.0,2026-12-22,Analyst,user48@gmail.com,7012345678,29,Other,Kolkata
50,Ajay,Yadav,3,2020-01-10,2025-01-14,127946.0,2027-01-06,Lead,user49@gmail.com,9004000400,47,Male,Hyderabad
51,Sonal,Kumar,4,2020-02-09,2025-02-28,134616.0,2027-01-21,Manager,user50@gmail.com,9819000001,22,Male,Mumbai
52,Neha,Kaur,7,2020-03-10,2025-04-14,130983.0,2027-02-05,Assistant,user51@gmail.com,9819000001,25,Male,Chennai
53,Priya,Verma,4,2020-04-09,2025-05-29,98744.0,2027-02-20,Clerk,,,49,Female,Hyderabad
54,Ankita,Kapoor,9,2020-05-09,2025-07-13,81491.0,2027-03-07,Assistant,user53@gmail.com,7012345678,39,Male,Mumbai
55,Pooja,Mehra,1,2020-06-08,2025-08-27,149123.0,2027-03-22,Executive,user54@gmail.com,7012345678,28,Other,Hyderabad
56,Neha,Bansal,8,2020-07-08,2025-10-11,43589.0,2027-04-06,Lead,user55@gmail.com,,21,Other,Chennai
57,Ajay,Rana,7,2020-08-07,2025-11-25,68484.0,2027-04-21,Intern,user56@gmail.com,9004000400,42,Male,Bangalore
58,Sandeep,Patel,2,2020-09-06,2026-01-09,107989.0,2027-05-06,Analyst,user57@gmail.com,7012345678,37,Male,Bangalore
59,Priya,Kumar,8,2020-10-06,2026-02-23,61212.0,2027-05-21,Intern,user58@gmail.com,9819000001,27,Other,Bangalore
60,Pooja,Kaur,1,2020-11-05,2026-04-09,68525.0,2027-06-05,Lead,user59@gmail.com,9819000001,45,Female,Bangalore
61,Neha,Kaur,9,2020-12-05,2026-05-24,72202.0,2027-06-20,Lead,user60@gmail.com,8080808080,24,Male,
62,Anil,Kaur,9,2021-01-04,2026-07-08,57635.0,2027-07-05,Lead,user61@gmail.com,7012345678,26,Male,Delhi
63,Alok,Kaur,2,2021-02-03,2026-08-22,88208.0,2027-07-20,Intern,user62@gmail.com,9004000400,51,Other,
64,Usha,Gupta,7,2021-03-05,2026-10-06,58828.0,2027-08-04,Clerk,user63@gmail.com,,39,Male,
65,Sonal,Bansal,10,2021-04-04,2026-11-20,43711.0,2027-08-19,Lead,user64@gmail.com,,47,Female,
66,Anil,Bansal,3,2021-05-04,2027-01-04,28420.0,2027-09-03,Assistant,user65@gmail.com,9004000400,30,Other,Bangalore
67,Sonal,Ahuja,7,2021-06-03,2027-02-18,121752.0,2027-09-18,Intern,user66@gmail.com,8080808080,46,Male,Chennai
68,Alok,Agarwal,10,2021-07-03,2027-04-04,25301.0,2027-10-03,Lead,user67@gmail.com,,39,Other,Kolkata
69,Sheetal,Kapoor,9,2021-08-02,2027-05-19,70236.0,2027-10-18,Assistant,user68@gmail.com,7012345678,23,Male,Kolkata
70,Ajay,Singh,4,2021-09-01,2027-07-03,,2027-11-02,Clerk,user69@gmail.com,8080808080,33,Male,Delhi
71,Usha,Kaur,1,2021-10-01,2027-08-17,142858.0,2027-11-17,Executive,user70@gmail.com,7012345678,48,Male,Bangalore
72,Sheetal,Rana,2,2021-10-31,2027-10-01,91235.0,2027-12-02,Clerk,user71@gmail.com,9819000001,40,Female,Bangalore
73,Nitin,Singh,1,2021-11-30,2027-11-15,79240.0,2027-12-17,Lead,user72@gmail.com,8080808080,48,Female,Bangalore
74,Usha,Bansal,5,2021-12-30,2027-12-30,,2028-01-01,Intern,user73@gmail.com,,28,Other,Hyderabad
75,Sheetal,Sharma,5,2022-01-29,2028-02-13,90726.0,2028-01-16,Manager,user74@gmail.com,8080808080,21,Male,Mumbai
76,Amit,Sharma,7,2022-02-28,2028-03-29,35492.0,2028-01-31,Lead,user75@gmail.com,8080808080,23,Male,Hyderabad
77,Rohit,Rana,9,2022-03-30,2028-05-13,,2028-02-15,Manager,user76@gmail.com,8080808080,33,Female,Mumbai
78,Nitin,Ahuja,9,2022-04-29,2028-06-27,126279.0,2028-03-01,Assistant,user77@gmail.com,8080808080,48,Male,Bangalore
79,Amit,Bansal,3,2022-05-29,2028-08-11,31102.0,2028-03-16,Executive,user78@gmail.com,7012345678,45,Female,Bangalore
80,Sandeep,Rana,3,2022-06-28,2028-09-25,75336.0,2028-03-31,Analyst,user79@gmail.com,9819000001,53,Male,Hyderabad
81,Sonal,Gupta,3,2022-07-28,2028-11-09,143015.0,2028-04-15,Clerk,user80@gmail.com,9004000400,26,Other,Hyderabad
82,Deepak,Mehra,4,2022-08-27,2028-12-24,110314.0,2028-04-30,Executive,user81@gmail.com,8080808080,52,Male,Mumbai
83,Namrata,Rana,8,2022-09-26,2029-02-07,148007.0,2028-05-15,Lead,user82@gmail.com,,41,Male,Kolkata
84,Simran,Yadav,6,2022-10-26,2029-03-24,51641.0,2028-05-30,Manager,user83@gmail.com,8080808080,36,Female,Mumbai
85,Sonal,Singh,8,2022-11-25,2029-05-08,59584.0,2028-06-14,Clerk,user84@gmail.com,,41,Male,Hyderabad
86,Rahul,Kumar,1,2022-12-25,2029-06-22,57745.0,2028-06-29,Manager,user85@gmail.com,7012345678,31,Male,Chennai
87,Rahul,Chopra,8,2023-01-24,2029-08-06,145542.0,2028-07-14,Intern,user86@gmail.com,,55,Female,Hyderabad
88,Amit,Ahuja,4,2023-02-23,2029-09-20,48093.0,2028-07-29,Manager,user87@gmail.com,9004000400,39,Other,Chennai
89,Vikas,Rana,1,2023-03-25,2029-11-04,91105.0,2028-08-13,Intern,,9819000001,40,Other,Delhi
90,Pooja,Bansal,8,2023-04-24,2029-12-19,128746.0,2028-08-28,Assistant,,,38,Female,Hyderabad
91,Rohit,Patel,4,2023-05-24,2030-02-02,125199.0,2028-09-12,Clerk,user90@gmail.com,,34,Female,Delhi
92,Nitin,Sharma,6,2023-06-23,2030-03-19,76885.0,2028-09-27,Clerk,user91@gmail.com,9819000001,35,Female,Kolkata
93,Rohit,Yadav,8,2023-07-23,2030-05-03,61631.0,2028-10-12,Analyst,user92@gmail.com,9004000400,51,Female,Mumbai
94,Nitin,Kapoor,4,2023-08-22,2030-06-17,136217.0,2028-10-27,Lead,user93@gmail.com,8080808080,21,Female,Chennai
95,Sonal,Kaur,3,2023-09-21,2030-08-01,97991.0,2028-11-11,Intern,user94@gmail.com,,23,Other,Mumbai
96,Sandeep,Chopra,9,2023-10-21,2030-09-15,29014.0,2028-11-26,Analyst,user95@gmail.com,9819000001,36,Other,Delhi
97,Priya,Dubey,3,2023-11-20,2030-10-30,36093.0,2028-12-11,Manager,user96@gmail.com,7012345678,43,Female,Chennai
98,Amit,Ahuja,9,2023-12-20,2030-12-14,43070.0,2028-12-26,Manager,user97@gmail.com,9819000001,31,Male,Mumbai
99,Alok,Kumar,2,2024-01-19,2031-01-28,60777.0,2029-01-10,Analyst,user98@gmail.com,7012345678,32,Female,Hyderabad
100,Vikas,Agarwal,2,2024-02-18,2031-03-14,81958.0,2029-01-25,Clerk,user99@gmail.com,9004000400,30,Male,Bangalore
81,Sonal,Gupta,3,2022-07-28,2028-11-09,143015.0,2028-04-15,Clerk,user80@gmail.com,9004000400,26,Other,Hyderabad
85,Sonal,Singh,8,2022-11-25,2029-05-08,59584.0,2028-06-14,Clerk,user84@gmail.com,,41,Male,Hyderabad
34,Ajay,Mehra,6,2018-09-17,2023-01-25,30895.0,2026-05-11,Manager,user33@gmail.com,8080808080,36,Male,
82,Deepak,Mehra,4,2022-08-27,2028-12-24,110314.0,2028-04-30,Executive,user81@gmail.com,8080808080,52,Male,Mumbai
94,Nitin,Kapoor,4,2023-08-22,2030-06-17,136217.0,2028-10-27,Lead,user93@gmail.com,8080808080,21,Female,Chennai
